-- phpMyAdmin SQL Dump
-- version 4.4.14
-- http://www.phpmyadmin.net
--
-- Host: localhost
-- Generation Time: Feb 03, 2016 at 01:43 PM
-- Server version: 5.6.26
-- PHP Version: 5.5.28

SET SQL_MODE = "NO_AUTO_VALUE_ON_ZERO";
SET time_zone = "+00:00";


/*!40101 SET @OLD_CHARACTER_SET_CLIENT=@@CHARACTER_SET_CLIENT */;
/*!40101 SET @OLD_CHARACTER_SET_RESULTS=@@CHARACTER_SET_RESULTS */;
/*!40101 SET @OLD_COLLATION_CONNECTION=@@COLLATION_CONNECTION */;
/*!40101 SET NAMES utf8mb4 */;

--
-- Database: `painelpadrao`
--

-- --------------------------------------------------------

--
-- Table structure for table `acl`
--

CREATE TABLE IF NOT EXISTS `acl` (
  `id` int(10) NOT NULL,
  `controller` varchar(100) NOT NULL,
  `action` varchar(100) DEFAULT NULL
) ENGINE=InnoDB AUTO_INCREMENT=31 DEFAULT CHARSET=utf8 CHECKSUM=1 DELAY_KEY_WRITE=1 ROW_FORMAT=DYNAMIC;

--
-- Dumping data for table `acl`
--

INSERT INTO `acl` (`id`, `controller`, `action`) VALUES
(6, 'error', 'error'),
(1, 'index', 'index'),
(7, 'index', 'logar'),
(4, 'index', 'login'),
(10, 'index', 'sessao'),
(24, 'sca-grupo', 'get-grupo'),
(25, 'sca-grupo', 'index'),
(23, 'sca-grupo', 'modal'),
(16, 'sca-usuario', 'aba-avatar'),
(14, 'sca-usuario', 'aba-usuario'),
(27, 'sca-usuario', 'alterar'),
(22, 'sca-usuario', 'ativar'),
(26, 'sca-usuario', 'desativar'),
(9, 'sca-usuario', 'excluir'),
(13, 'sca-usuario', 'form'),
(15, 'sca-usuario', 'get-abas'),
(18, 'sca-usuario', 'get-botao'),
(17, 'sca-usuario', 'get-usuario'),
(19, 'sca-usuario', 'incluir'),
(8, 'sca-usuario', 'index'),
(21, 'sca-usuario', 'modal'),
(20, 'sca-usuario', 'modal-usuario'),
(30, 'sca-usuario', 'recortar-imagem'),
(11, 'sca-usuario', 'remover'),
(28, 'sca-usuario', 'verifica-login'),
(29, 'sca-usuario', 'webcam');

-- --------------------------------------------------------

--
-- Table structure for table `acl_to_grupo`
--

CREATE TABLE IF NOT EXISTS `acl_to_grupo` (
  `id` int(10) NOT NULL,
  `acl_id` int(10) NOT NULL,
  `grupo_id` tinyint(10) NOT NULL
) ENGINE=InnoDB AUTO_INCREMENT=16 DEFAULT CHARSET=utf8;

--
-- Dumping data for table `acl_to_grupo`
--

INSERT INTO `acl_to_grupo` (`id`, `acl_id`, `grupo_id`) VALUES
(4, 8, 2),
(7, 10, 2),
(8, 1, 2),
(9, 4, 2),
(10, 6, 2),
(11, 13, 2),
(12, 15, 2),
(13, 14, 2),
(14, 9, 2),
(15, 11, 2);

-- --------------------------------------------------------

--
-- Table structure for table `menu`
--

CREATE TABLE IF NOT EXISTS `menu` (
  `id` int(11) NOT NULL,
  `modulo_id` int(11) NOT NULL,
  `acl_id` int(11) NOT NULL,
  `nome` varchar(255) NOT NULL,
  `ordem` int(11) NOT NULL DEFAULT '0',
  `status` int(11) NOT NULL DEFAULT '0'
) ENGINE=InnoDB AUTO_INCREMENT=2 DEFAULT CHARSET=latin1;

--
-- Dumping data for table `menu`
--

INSERT INTO `menu` (`id`, `modulo_id`, `acl_id`, `nome`, `ordem`, `status`) VALUES
(1, 1, 8, 'Usuários', 1, 1);

-- --------------------------------------------------------

--
-- Table structure for table `modulo`
--

CREATE TABLE IF NOT EXISTS `modulo` (
  `id` int(11) NOT NULL,
  `nome` varchar(255) NOT NULL,
  `icone` varchar(20) NOT NULL COMMENT 'class do icone fonte awsome',
  `ordem` int(11) NOT NULL DEFAULT '0',
  `status` int(11) NOT NULL DEFAULT '1'
) ENGINE=InnoDB AUTO_INCREMENT=2 DEFAULT CHARSET=latin1;

--
-- Dumping data for table `modulo`
--

INSERT INTO `modulo` (`id`, `nome`, `icone`, `ordem`, `status`) VALUES
(1, 'Controle de acesso', 'users', 1, 1);

-- --------------------------------------------------------

--
-- Table structure for table `sca_grupo`
--

CREATE TABLE IF NOT EXISTS `sca_grupo` (
  `id_grupo` int(11) NOT NULL,
  `nm_grupo` varchar(255) NOT NULL,
  `dh_cadastro` timestamp NOT NULL DEFAULT CURRENT_TIMESTAMP ON UPDATE CURRENT_TIMESTAMP,
  `id_usuario_cadastro` int(11) NOT NULL,
  `is_root` tinyint(4) NOT NULL
) ENGINE=InnoDB AUTO_INCREMENT=4 DEFAULT CHARSET=latin1;

--
-- Dumping data for table `sca_grupo`
--

INSERT INTO `sca_grupo` (`id_grupo`, `nm_grupo`, `dh_cadastro`, `id_usuario_cadastro`, `is_root`) VALUES
(1, 'Anonymous', '2016-02-01 11:01:59', 0, 0),
(2, 'Registered', '2016-02-01 11:01:58', 0, 0),
(3, 'Admin', '2016-01-12 12:09:08', 0, 1);

-- --------------------------------------------------------

--
-- Table structure for table `sca_usuario`
--

CREATE TABLE IF NOT EXISTS `sca_usuario` (
  `id_usuario` int(11) NOT NULL,
  `id_pessoa` int(11) NOT NULL,
  `nm_usuario` varchar(255) NOT NULL DEFAULT '',
  `password_usuario` varchar(255) NOT NULL DEFAULT '',
  `login_usuario` varchar(255) NOT NULL DEFAULT '',
  `id_avatar` int(11) NOT NULL,
  `st_usuario` tinyint(1) NOT NULL DEFAULT '0',
  `id_grupo` int(11) NOT NULL,
  `ultimo_acesso_usuario` timestamp NOT NULL DEFAULT CURRENT_TIMESTAMP ON UPDATE CURRENT_TIMESTAMP
) ENGINE=InnoDB AUTO_INCREMENT=19 DEFAULT CHARSET=latin1;

--
-- Dumping data for table `sca_usuario`
--

INSERT INTO `sca_usuario` (`id_usuario`, `id_pessoa`, `nm_usuario`, `password_usuario`, `login_usuario`, `id_avatar`, `st_usuario`, `id_grupo`, `ultimo_acesso_usuario`) VALUES
(1, 1, 'Paulo Henrique', '202cb962ac59075b964b07152d234b70', 'admin', 2, 1, 3, '2016-02-02 11:02:19'),
(3, 1, 'Demo 2', '202cb962ac59075b964b07152d234b70', 'paulophpweb2@gmail.com', 2, 1, 3, '2016-02-02 11:51:43'),
(6, 0, 'Paulo', '202cb962ac59075b964b07152d234b70', 'teste', 0, 1, 1, '2016-02-02 11:51:43'),
(8, 0, 'teste', '202cb962ac59075b964b07152d234b70', 'teste2', 0, 1, 2, '2016-02-02 11:51:43'),
(12, 0, 'Paulo', '202cb962ac59075b964b07152d234b70', 'teste4', 0, 1, 1, '2016-02-02 11:51:43'),
(13, 0, 'teste', '202cb962ac59075b964b07152d234b70', 'teste5', 0, 1, 2, '2016-02-02 11:51:43'),
(14, 0, 'teste', '202cb962ac59075b964b07152d234b70', 'teste7', 0, 1, 3, '2016-02-02 11:51:43'),
(15, 0, 'teste', '202cb962ac59075b964b07152d234b70', 'admin5', 0, 1, 3, '2016-02-02 11:51:43'),
(16, 0, 'gfdgfds', '202cb962ac59075b964b07152d234b70', 'gfdsgds', 0, 1, 3, '2016-02-02 11:51:43'),
(17, 0, 'hfghfgh', '202cb962ac59075b964b07152d234b70', 'hgfhgf', 0, 1, 2, '2016-02-02 11:51:43'),
(18, 0, 'gfdgfds', '202cb962ac59075b964b07152d234b70', 'gfdgdsfgs', 0, 0, 3, '2016-02-02 11:47:45');

-- --------------------------------------------------------

--
-- Table structure for table `sgg_avatar`
--

CREATE TABLE IF NOT EXISTS `sgg_avatar` (
  `id_avatar` int(11) NOT NULL,
  `nm_avatar` varchar(255) NOT NULL,
  `arquivo` longblob NOT NULL,
  `tp_avatar` varchar(255) NOT NULL,
  `sz_avatar` int(11) NOT NULL
) ENGINE=InnoDB DEFAULT CHARSET=latin1;

--
-- Dumping data for table `sgg_avatar`
--

INSERT INTO `sgg_avatar` (`id_avatar`, `nm_avatar`, `arquivo`, `tp_avatar`, `sz_avatar`) VALUES
(2, 'mapa.js', 0x0d0a2f2a204d415041204445204445535441515545202a2f0d0a766172206c617469747564654465737461717565203d20242822236c6174697475646544657374496d6f76656c22292e76616c28293b0d0a766172206c6f6e6769747564654465737461717565203d20242822236c6f6e67697475646544657374496d6f76656c22292e76616c28293b0d0a76617220656e64657265636f436f6d706c65746f203d2024282223656e64657265636f436f6d706c65746f456d70726573614171756922292e76616c28293b0d0a0d0a766172206d61703b0d0a76617220696e666f77696e646f773b0d0a766172206d794c61746c6e673b0d0a766172206d61726b6572203d205b5d3b0d0a76617220736572766963653b0d0a7661722061506c61636573203d205b5d3b0d0a766172206d61726b65726573203d205b5d3b0d0a76617220726164696f203d2027273b0d0a0d0a66756e6374696f6e20696e697469616c697a652829207b0d0a20202f2a20436f6c6f6361722061206c617469747564652065206c6f6e67697475646520646f206d617061202a2f0d0a20206d794c61746c6e67203d206e657720676f6f676c652e6d6170732e4c61744c6e67286c6174697475646544657374617175652c206c6f6e6769747564654465737461717565293b0d0a20202f2a20706172616d6574726f7320646f206d617061202a2f0d0a2020766172206d61704f7074696f6e73203d207b0d0a202020207a6f6f6d3a2031342c0d0a2020202063656e7465723a206d794c61746c6e670d0a20207d3b0d0a20202f2a20696e73657265206f206d617061202a2f0d0a20206d6170203d206e657720676f6f676c652e6d6170732e4d617028646f63756d656e742e676574456c656d656e744279496428276d61702d63616e76617327292c206d61704f7074696f6e73293b0d0a20202f2a2069636f6e6520646f206d617061202a2f0d0a202076617220696d616765203d2070617468536974652b276d656469612f696d6167656e732f6d6170612e706e67273b0d0a20202f2a20616463696f6e61206f2069636f6e65206e6f206d617061202a2f0d0a20206d61726b657266756c6c203d206e657720676f6f676c652e6d6170732e4d61726b6572287b0d0a202020202020706f736974696f6e3a206d794c61746c6e672c0d0a2020202020206d61703a206d61702c0d0a20202020202069636f6e3a20696d6167652c0d0a202020202020616e696d6174696f6e3a20676f6f676c652e6d6170732e416e696d6174696f6e2e44524f500d0a20207d293b0d0a20202f2a20696e666f726d61c3a7c3a36f206e6f2062616cc3a36f20646f206d617061202a2f0d0a202076617220636f6e74656e74537472696e67203d20656e64657265636f436f6d706c65746f3b0d0a20202f2a20616463696f6e61206f206576656e746f206e6f2069636f6e652070617261207175616e646f20636c69636172206170617265636572206f2062616c616f202a2f0d0a2020676f6f676c652e6d6170732e6576656e742e6164644c697374656e6572286d61726b657266756c6c2c2027636c69636b272c2066756e6374696f6e2829207b0d0a0920202f2f696e666f77696e646f772e6f70656e286d61702c6d61726b657266756c6c293b0d0a0920202428273c6469763e272b636f6e74656e74537472696e672b273c2f6469763e27292e6469616c6f67287b207469746c653a27456e64657265c3a76f20646f20696dc3b376656c272c20726573697a61626c653a66616c73652c20647261676761626c653a66616c73652c20627574746f6e733a205b207b20746578743a20224f6b222c20636c69636b3a2066756e6374696f6e2829207b202428207468697320292e6469616c6f67282022636c6f73652220293b207d207d205d207d293b0d0a20207d293b0d0a0d0a20200d0a7d0d0a0d0a66756e6374696f6e206372656174654d61726b657228706c61636529207b0d0a2076617220696d616765203d207b0d0a20202020202075726c3a20706c6163652e69636f6e2c0d0a20202020202073697a653a206e657720676f6f676c652e6d6170732e53697a652837312c203731292c0d0a2020202020206f726967696e3a206e657720676f6f676c652e6d6170732e506f696e7428302c2030292c0d0a202020202020616e63686f723a206e657720676f6f676c652e6d6170732e506f696e742831372c203334292c0d0a2020202020207363616c656453697a653a206e657720676f6f676c652e6d6170732e53697a652832352c203235290d0a20207d3b0d0a20206d61726b6572203d206e657720676f6f676c652e6d6170732e4d61726b6572287b0d0a20202020706f736974696f6e3a20706c6163652e67656f6d657472792e6c6f636174696f6e2c0d0a2020202069636f6e3a20696d6167652c0d0a202020206d61703a206d61700d0a20207d293b0d0a20200d0a20206d61726b657265732e70757368286d61726b6572293b0d0a20200d0a0d0a2020676f6f676c652e6d6170732e6576656e742e6164644c697374656e6572286d61726b65722c2027636c69636b272c2066756e6374696f6e2829207b0d0a202020202428273c6469763e3c696d67207374796c653d22666c6f61743a6c6566743b2077696474683a353070783b2070616464696e672d72696768743a3570783b22207372633d22272b706c6163652e69636f6e2b27222f3e272b706c6163652e6e616d652b273c62722f3e272b706c6163652e766963696e6974792b273c2f6469763e27292e6469616c6f67287b207469746c653a274573746162656c6563696d656e746f272c20726573697a61626c653a66616c73652c20647261676761626c653a66616c73652c20627574746f6e733a205b207b20746578743a20224f6b222c20636c69636b3a2066756e6374696f6e2829207b202428207468697320292e6469616c6f67282022636c6f73652220293b207d207d205d207d293b0d0a20207d293b0d0a7d0d0a0d0a66756e6374696f6e2061646452616469757328297b0d0a0920200d0a09726164696f203d206e657720676f6f676c652e6d6170732e436972636c65287b0d0a0909202063656e7465723a6d794c61746c6e672c0d0a090920207261646975733a313630302c0d0a090920207374726f6b65436f6c6f723a22726564222c0d0a090920207374726f6b654f7061636974793a302e312c0d0a090920207374726f6b655765696768743a312c0d0a0909202066696c6c436f6c6f723a22726564222c0d0a0909202066696c6c4f7061636974793a302e310d0a090920207d293b0d0a0d0a09726164696f2e7365744d6170286d6170293b0d0a7d0d0a0d0a66756e6374696f6e20636c6561724f7665726c6179732829207b0d0a09666f7220287661722069203d20303b2069203c206d61726b657265732e6c656e6774683b20692b2b29207b0d0a09096d61726b657265735b695d2e7365744d6170286e756c6c293b0d0a0920207d0d0a7d0d0a0d0a66756e6374696f6e20616464506c616365732874797065732c726164697573297b0d0a097661722072657175657374203d207b0d0a09202020206c6f636174696f6e3a206d794c61746c6e672c0d0a09202020207261646975733a20313530302c0d0a092020202074797065733a2074797065730d0a0920207d3b0d0a092020696e666f77696e646f77203d206e657720676f6f676c652e6d6170732e496e666f57696e646f7728293b0d0a09202073657276696365203d206e657720676f6f676c652e6d6170732e706c616365732e506c6163657353657276696365286d6170293b0d0a092020736572766963652e6e656172627953656172636828726571756573742c2063616c6c6261636b293b0d0a0920200d0a0920200d0a7d0d0a0d0a66756e6374696f6e2063616c6c6261636b28726573756c74732c2073746174757329207b0d0a69662028737461747573203d3d20676f6f676c652e6d6170732e706c616365732e506c61636573536572766963655374617475732e4f4b29207b0d0a2020666f7220287661722069203d20303b2069203c20726573756c74732e6c656e6774683b20692b2b29207b0d0a202020206372656174654d61726b657228726573756c74735b695d293b0d0a20207d0d0a7d0d0a7d0d0a0d0a242866756e6374696f6e28297b0d0a092428272e6d61705f5f636f6e74726f6c20696e70757427292e636c69636b2866756e6374696f6e28297b0d0a090961506c61636573203d205b5d3b0d0a09092428272e6d61705f5f636f6e74726f6c20696e7075743a636865636b656427292e656163682866756e6374696f6e2869297b0d0a09090961506c616365735b695d203d20242874686973292e76616c28293b0d0a09097d293b0d0a0909636c6561724f7665726c61797328293b0d0a090969662861506c6163657320213d202727297b0d0a090909616464506c616365732861506c616365732c31353030293b0d0a090909696628726164696f203d3d202727297b0d0a0909090961646452616469757328293b0d0a0909097d0d0a09097d656c73657b0d0a090909726164696f2e7365744d6170286e756c6c293b0d0a090909726164696f203d2027273b0d0a09097d0d0a09090d0a097d293b0d0a0d0a7d293b0d0a6966286c617469747564654465737461717565202626206c6f6e6769747564654465737461717565202626206c61746974756465446573746171756520213d2027302e3030303027202626206c6f6e676974756465446573746171756520213d2027302e3030303027297b0d0a09676f6f676c652e6d6170732e6576656e742e616464446f6d4c697374656e65722877696e646f772c20276c6f6164272c20696e697469616c697a65293b0d0a7d, 'application/x-javascript', 3568);

--
-- Indexes for dumped tables
--

--
-- Indexes for table `acl`
--
ALTER TABLE `acl`
  ADD PRIMARY KEY (`id`),
  ADD UNIQUE KEY `controller` (`controller`,`action`);

--
-- Indexes for table `acl_to_grupo`
--
ALTER TABLE `acl_to_grupo`
  ADD PRIMARY KEY (`id`),
  ADD KEY `acl_id` (`acl_id`),
  ADD KEY `grupo_id` (`grupo_id`),
  ADD KEY `grupo_id_2` (`grupo_id`),
  ADD KEY `acl_id_2` (`acl_id`);

--
-- Indexes for table `menu`
--
ALTER TABLE `menu`
  ADD PRIMARY KEY (`id`),
  ADD KEY `acl_id` (`acl_id`),
  ADD KEY `modulo_id` (`modulo_id`);

--
-- Indexes for table `modulo`
--
ALTER TABLE `modulo`
  ADD PRIMARY KEY (`id`);

--
-- Indexes for table `sca_grupo`
--
ALTER TABLE `sca_grupo`
  ADD PRIMARY KEY (`id_grupo`);

--
-- Indexes for table `sca_usuario`
--
ALTER TABLE `sca_usuario`
  ADD PRIMARY KEY (`id_usuario`),
  ADD UNIQUE KEY `email` (`login_usuario`),
  ADD KEY `grupo_id` (`id_grupo`),
  ADD KEY `id_avatar` (`id_avatar`),
  ADD KEY `id_pessoa` (`id_pessoa`);

--
-- Indexes for table `sgg_avatar`
--
ALTER TABLE `sgg_avatar`
  ADD PRIMARY KEY (`id_avatar`);

--
-- AUTO_INCREMENT for dumped tables
--

--
-- AUTO_INCREMENT for table `acl`
--
ALTER TABLE `acl`
  MODIFY `id` int(10) NOT NULL AUTO_INCREMENT,AUTO_INCREMENT=31;
--
-- AUTO_INCREMENT for table `acl_to_grupo`
--
ALTER TABLE `acl_to_grupo`
  MODIFY `id` int(10) NOT NULL AUTO_INCREMENT,AUTO_INCREMENT=16;
--
-- AUTO_INCREMENT for table `menu`
--
ALTER TABLE `menu`
  MODIFY `id` int(11) NOT NULL AUTO_INCREMENT,AUTO_INCREMENT=2;
--
-- AUTO_INCREMENT for table `modulo`
--
ALTER TABLE `modulo`
  MODIFY `id` int(11) NOT NULL AUTO_INCREMENT,AUTO_INCREMENT=2;
--
-- AUTO_INCREMENT for table `sca_grupo`
--
ALTER TABLE `sca_grupo`
  MODIFY `id_grupo` int(11) NOT NULL AUTO_INCREMENT,AUTO_INCREMENT=4;
--
-- AUTO_INCREMENT for table `sca_usuario`
--
ALTER TABLE `sca_usuario`
  MODIFY `id_usuario` int(11) NOT NULL AUTO_INCREMENT,AUTO_INCREMENT=19;
--
-- Constraints for dumped tables
--

--
-- Constraints for table `acl_to_grupo`
--
ALTER TABLE `acl_to_grupo`
  ADD CONSTRAINT `acl_to_grupo_ibfk_1` FOREIGN KEY (`acl_id`) REFERENCES `acl` (`id`) ON DELETE CASCADE ON UPDATE CASCADE;

--
-- Constraints for table `menu`
--
ALTER TABLE `menu`
  ADD CONSTRAINT `menu_ibfk_1` FOREIGN KEY (`modulo_id`) REFERENCES `modulo` (`id`) ON DELETE CASCADE ON UPDATE CASCADE,
  ADD CONSTRAINT `menu_ibfk_2` FOREIGN KEY (`acl_id`) REFERENCES `acl` (`id`) ON DELETE CASCADE ON UPDATE CASCADE;

--
-- Constraints for table `sca_usuario`
--
ALTER TABLE `sca_usuario`
  ADD CONSTRAINT `sca_usuario_ibfk_2` FOREIGN KEY (`id_grupo`) REFERENCES `sca_grupo` (`id_grupo`) ON DELETE CASCADE ON UPDATE CASCADE;

/*!40101 SET CHARACTER_SET_CLIENT=@OLD_CHARACTER_SET_CLIENT */;
/*!40101 SET CHARACTER_SET_RESULTS=@OLD_CHARACTER_SET_RESULTS */;
/*!40101 SET COLLATION_CONNECTION=@OLD_COLLATION_CONNECTION */;
